method,reml_crit
MANOVA,-7039.431033552397
REML-LME,-7082.862538647822
Stepwise REML,-7040.5481549352535
Pseudo REML,-7053.606589765934
