method,reml_crit
MANOVA,-7039.431033552393
REML-LME,-7082.907409223544
Stepwise REML,-7040.5481549352535
Pseudo REML,-7053.606589765926
